Workbook

Sheet Dados
A1: Data de Venda | B1: Modelo | C1: Valor Unitário | D1: Quantidade | E1: Valor Total
A2: 45306 | B2: iPhone 15 | C2: 6499 | D2: 2 | E2: =D2*C2 -> 12998
A3: 45306 | B3: Samsung Galaxy A54 | C3: 1899 | D3: 3 | E3: =D3*C3 -> 5697
A4: 45327 | B4: Xiaomi Redmi Note 13 | C4: 1499 | D4: 4 | E4: =D4*C4 -> 5996
A5: 45340 | B5: Samsung Galaxy S24 | C5: 5499 | D5: 1 | E5: =D5*C5 -> 5499
A6: 45361 | B6: Motorola Moto G84 | C6: 1599 | D6: 5 | E6: =D6*C6 -> 7995
A7: 45361 | B7: iPhone 14 | C7: 4999 | D7: 2 | E7: =D7*C7 -> 9998
A8: 45384 | B8: Motorola Edge 40 | C8: 2399 | D8: 2 | E8: =D8*C8 -> 4798
A9: 45404 | B9: Xiaomi Poco X6 | C9: 1999 | D9: 3 | E9: =D9*C9 -> 5997
A10: 45424 | B10: Samsung Galaxy S23 | C10: 3899 | D10: 2 | E10: =D10*C10 -> 7798
A11: 45424 | B11: iPhone 13 | C11: 4199 | D11: 1 | E11: =D11*C11 -> 4199
A12: 45451 | B12: iPhone 15 Pro | C12: 7899 | D12: 1 | E12: =D12*C12 -> 7899
A13: 45468 | B13: Samsung Galaxy A54 | C13: 1899 | D13: 4 | E13: =D13*C13 -> 7596
... A21: 45570 | B21: Samsung Galaxy S23 | C21: 3899 | D21: 2 | E21: =D21*C21 -> 7798

Sheet Analise
A1: Data de Venda | B1: Total de Vendas
A2: 45306 | B2: =SUMIF(Dados!$A$2:$A$21, A2, Dados!$E$2:$E$21) -> 18695
A3: 45327 | B3: =SUMIF(Dados!$A$2:$A$21, A3, Dados!$E$2:$E$21) -> 5996
A4: 45340 | B4: =SUMIF(Dados!$A$2:$A$21, A4, Dados!$E$2:$E$21) -> 5499
A5: 45361 | B5: =SUMIF(Dados!$A$2:$A$21, A5, Dados!$E$2:$E$21) -> 17993
A6: 45384 | B6: =SUMIF(Dados!$A$2:$A$21, A6, Dados!$E$2:$E$21) -> 4798
A7: 45404 | B7: =SUMIF(Dados!$A$2:$A$21, A7, Dados!$E$2:$E$21) -> 5997
A8: 45424 | B8: =SUMIF(Dados!$A$2:$A$21, A8, Dados!$E$2:$E$21) -> 11997
A9: 45451 | B9: =SUMIF(Dados!$A$2:$A$21, A9, Dados!$E$2:$E$21) -> 7899
A10: 45468 | B10: =SUMIF(Dados!$A$2:$A$21, A10, Dados!$E$2:$E$21) -> 7596
A11: 45487 | B11: =SUMIF(Dados!$A$2:$A$21, A11, Dados!$E$2:$E$21) -> 9894
A12: 45507 | B12: =SUMIF(Dados!$A$2:$A$21, A12, Dados!$E$2:$E$21) -> 10998
A13: 45523 | B13: =SUMIF(Dados!$A$2:$A$21, A13, Dados!$E$2:$E$21) -> 19497
... A16: 45570 | B16: =SUMIF(Dados!$A$2:$A$21, A16, Dados!$E$2:$E$21) -> 22795
A17: Total Geral | B17: =SUM(B2:B16) -> 160048

Sheet Analise por Mes
A1: Mês | B1: Total de Vendas (R$) | C1: Qtd de Transações | D1: Ticket Médio (R$)
A2: Janeiro | B2: =SUMIFS(Dados!$E$2:$E$21, Dados!$A$2:$A$21, ">="&DATE(2024,1,1), Dados!$A$2:$A$21, "<="&DATE(2024,1,31)) -> 18695 | C2: =COUNTIFS(Dados!$A$2:$A$21, ">="&DATE(2024,1,1), Dados!$A$2:$A$21, "<="&DATE(2024,1,31)) -> 2 | D2: =IF(C2=0, 0, B2/C2) -> 9347.5
A3: Fevereiro | B3: =SUMIFS(Dados!$E$2:$E$21, Dados!$A$2:$A$21, ">="&DATE(2024,2,1), Dados!$A$2:$A$21, "<="&DATE(2024,2,29)) -> 11495 | C3: =COUNTIFS(Dados!$A$2:$A$21, ">="&DATE(2024,2,1), Dados!$A$2:$A$21, "<="&DATE(2024,2,29)) -> 2 | D3: =IF(C3=0, 0, B3/C3) -> 5747.5
A4: Março | B4: =SUMIFS(Dados!$E$2:$E$21, Dados!$A$2:$A$21, ">="&DATE(2024,3,1), Dados!$A$2:$A$21, "<="&DATE(2024,3,31)) -> 17993 | C4: =COUNTIFS(Dados!$A$2:$A$21, ">="&DATE(2024,3,1), Dados!$A$2:$A$21, "<="&DATE(2024,3,31)) -> 2 | D4: =IF(C4=0, 0, B4/C4) -> 8996.5
A5: Abril | B5: =SUMIFS(Dados!$E$2:$E$21, Dados!$A$2:$A$21, ">="&DATE(2024,4,1), Dados!$A$2:$A$21, "<="&DATE(2024,4,30)) -> 10795 | C5: =COUNTIFS(Dados!$A$2:$A$21, ">="&DATE(2024,4,1), Dados!$A$2:$A$21, "<="&DATE(2024,4,30)) -> 2 | D5: =IF(C5=0, 0, B5/C5) -> 5397.5
A6: Maio | B6: =SUMIFS(Dados!$E$2:$E$21, Dados!$A$2:$A$21, ">="&DATE(2024,5,1), Dados!$A$2:$A$21, "<="&DATE(2024,5,31)) -> 11997 | C6: =COUNTIFS(Dados!$A$2:$A$21, ">="&DATE(2024,5,1), Dados!$A$2:$A$21, "<="&DATE(2024,5,31)) -> 2 | D6: =IF(C6=0, 0, B6/C6) -> 5998.5
A7: Junho | B7: =SUMIFS(Dados!$E$2:$E$21, Dados!$A$2:$A$21, ">="&DATE(2024,6,1), Dados!$A$2:$A$21, "<="&DATE(2024,6,30)) -> 15495 | C7: =COUNTIFS(Dados!$A$2:$A$21, ">="&DATE(2024,6,1), Dados!$A$2:$A$21, "<="&DATE(2024,6,30)) -> 2 | D7: =IF(C7=0, 0, B7/C7) -> 7747.5
A8: Julho | B8: =SUMIFS(Dados!$E$2:$E$21, Dados!$A$2:$A$21, ">="&DATE(2024,7,1), Dados!$A$2:$A$21, "<="&DATE(2024,7,31)) -> 9894 | C8: =COUNTIFS(Dados!$A$2:$A$21, ">="&DATE(2024,7,1), Dados!$A$2:$A$21, "<="&DATE(2024,7,31)) -> 2 | D8: =IF(C8=0, 0, B8/C8) -> 4947
A9: Agosto | B9: =SUMIFS(Dados!$E$2:$E$21, Dados!$A$2:$A$21, ">="&DATE(2024,8,1), Dados!$A$2:$A$21, "<="&DATE(2024,8,31)) -> 30495 | C9: =COUNTIFS(Dados!$A$2:$A$21, ">="&DATE(2024,8,1), Dados!$A$2:$A$21, "<="&DATE(2024,8,31)) -> 2 | D9: =IF(C9=0, 0, B9/C9) -> 15247.5
A10: Setembro | B10: =SUMIFS(Dados!$E$2:$E$21, Dados!$A$2:$A$21, ">="&DATE(2024,9,1), Dados!$A$2:$A$21, "<="&DATE(2024,9,30)) -> 10394 | C10: =COUNTIFS(Dados!$A$2:$A$21, ">="&DATE(2024,9,1), Dados!$A$2:$A$21, "<="&DATE(2024,9,30)) -> 2 | D10: =IF(C10=0, 0, B10/C10) -> 5197
A11: Outubro | B11: =SUMIFS(Dados!$E$2:$E$21, Dados!$A$2:$A$21, ">="&DATE(2024,10,1), Dados!$A$2:$A$21, "<="&DATE(2024,10,31)) -> 22795 | C11: =COUNTIFS(Dados!$A$2:$A$21, ">="&DATE(2024,10,1), Dados!$A$2:$A$21, "<="&DATE(2024,10,31)) -> 2 | D11: =IF(C11=0, 0, B11/C11) -> 11397.5
A12: TOTAL GERAL | B12: =SUM(B2:B11) -> 160048 | C12: =SUM(C2:C11) -> 20 | D12: =IF(C12=0, 0, B12/C12) -> 8002.4
